<?xml version = '1.0' encoding = 'UTF-8'?>
<Entity class="oracle.dbtools.crest.model.design.logical.Entity" directorySegmentName="seg_0" id="08065AFF-3B5E-1184-C3FB-9ECF60D7B2F3" name="MEDIADESC">
<createdBy>germaine</createdBy>
<createdTime>2020-05-13 01:39:24 UTC</createdTime>
<ownerDesignName>mau_logical</ownerDesignName>
<engineerTo>
<item key="6687C7AF-2264-D058-BEAA-E4B0FE9FECC2" value="true"/>
</engineerTo>
<adequatelyNormalized>NO</adequatelyNormalized>
<expectedVolumes>0</expectedVolumes>
<fwdEngineeringStrategyName>Single Table</fwdEngineeringStrategyName>
<growthPercent>0</growthPercent>
<growthType>Year</growthType>
<maxVolumes>9999999</maxVolumes>
<minVolumes>0</minVolumes>
<normalForm>Third</normalForm>
<attributes itemClass="oracle.dbtools.crest.model.design.logical.Attribute">
<Attribute name="description_id" id="55D1182F-6E6C-6FE4-07A5-7AD09667F0E5">
<createdBy>germaine</createdBy>
<createdTime>2020-05-13 01:40:14 UTC</createdTime>
<commentInRDBMS><![CDATA[lookup table for media description]]></commentInRDBMS>
<ownerDesignName>mau_logical</ownerDesignName>
<engineerTo>
<item key="6687C7AF-2264-D058-BEAA-E4B0FE9FECC2" value="true"/>
</engineerTo>
<useDomainConstraints>false</useDomainConstraints>
<use>1</use>
<logicalDatatype>LOGDT019</logicalDatatype>
<dataTypePrecision>7</dataTypePrecision>
<ownDataTypeParameters>,7,</ownDataTypeParameters>
</Attribute>
<Attribute name="description_name" id="102651B9-A9BF-54D7-3629-C700C5C4678F">
<createdBy>germaine</createdBy>
<createdTime>2020-05-13 01:40:15 UTC</createdTime>
<commentInRDBMS><![CDATA[description name]]></commentInRDBMS>
<ownerDesignName>mau_logical</ownerDesignName>
<engineerTo>
<item key="6687C7AF-2264-D058-BEAA-E4B0FE9FECC2" value="true"/>
</engineerTo>
<useDomainConstraints>false</useDomainConstraints>
<use>1</use>
<logicalDatatype>LOGDT024</logicalDatatype>
<dataTypeSize>100</dataTypeSize>
<ownDataTypeParameters>100,,</ownDataTypeParameters>
</Attribute>
</attributes>
<identifiers itemClass="oracle.dbtools.crest.model.design.logical.CandidateKey">
<identifier id="2879E632-8297-CBDD-9917-B6D2139D1213" name="MEDIADESC PK">
<createdBy>germaine</createdBy>
<createdTime>2020-05-13 01:40:35 UTC</createdTime>
<ownerDesignName>mau_logical</ownerDesignName>
<engineerTo>
<item key="6687C7AF-2264-D058-BEAA-E4B0FE9FECC2" value="true"/>
</engineerTo>
<pk>true</pk>
<usedAttributes>
<attributeRef>55D1182F-6E6C-6FE4-07A5-7AD09667F0E5</attributeRef>
</usedAttributes>
</identifier>
</identifiers>
</Entity>
