<?xml version = '1.0' encoding = 'UTF-8'?>
<Entity class="oracle.dbtools.crest.model.design.logical.Entity" directorySegmentName="seg_0" id="239E56F9-A0CE-8BF3-1D38-643B7992E34F" name="ARTWORK">
<createdBy>germaine</createdBy>
<createdTime>2020-05-12 16:47:34 UTC</createdTime>
<ownerDesignName>mau_logical</ownerDesignName>
<engineerTo>
<item key="6687C7AF-2264-D058-BEAA-E4B0FE9FECC2" value="true"/>
</engineerTo>
<adequatelyNormalized>NO</adequatelyNormalized>
<expectedVolumes>0</expectedVolumes>
<fwdEngineeringStrategyName>Single Table</fwdEngineeringStrategyName>
<growthPercent>0</growthPercent>
<growthType>Year</growthType>
<maxVolumes>9999999</maxVolumes>
<minVolumes>0</minVolumes>
<normalForm>Third</normalForm>
<attributes itemClass="oracle.dbtools.crest.model.design.logical.Attribute">
<Attribute name="artwork_no" id="B7C706BB-5762-3572-0D5A-12A77786E5F0">
<createdBy>germaine</createdBy>
<createdTime>2020-05-12 16:56:09 UTC</createdTime>
<commentInRDBMS><![CDATA[artwork number]]></commentInRDBMS>
<ownerDesignName>mau_logical</ownerDesignName>
<engineerTo>
<item key="6687C7AF-2264-D058-BEAA-E4B0FE9FECC2" value="true"/>
</engineerTo>
<useDomainConstraints>false</useDomainConstraints>
<use>1</use>
<logicalDatatype>LOGDT019</logicalDatatype>
<dataTypePrecision>7</dataTypePrecision>
<ownDataTypeParameters>,7,</ownDataTypeParameters>
</Attribute>
<Attribute name="artist_code" id="DBDE52F6-9F0E-16A5-D7F7-D370979CDA2D">
<createdBy>germaine</createdBy>
<createdTime>2020-05-12 17:11:41 UTC</createdTime>
<commentInRDBMS><![CDATA[artist code]]></commentInRDBMS>
<generatorID>842D762B-95F2-56CD-F884-4F2825F03E03</generatorID>
<ownerDesignName>mau_logical</ownerDesignName>
<engineerTo>
<item key="6687C7AF-2264-D058-BEAA-E4B0FE9FECC2" value="true"/>
</engineerTo>
<referedAttribute>47BDF36D-5286-A05B-6CE3-FDCC494B752D</referedAttribute>
<useDomainConstraints>false</useDomainConstraints>
<use>1</use>
<logicalDatatype>LOGDT019</logicalDatatype>
<dataTypePrecision>7</dataTypePrecision>
<ownDataTypeParameters>,7,</ownDataTypeParameters>
</Attribute>
<Attribute name="artwork_title" id="07BB9DCE-CF2D-3CEF-9901-711F4D51B4C5">
<createdBy>germaine</createdBy>
<createdTime>2020-05-12 16:55:58 UTC</createdTime>
<commentInRDBMS><![CDATA[title of artwork]]></commentInRDBMS>
<ownerDesignName>mau_logical</ownerDesignName>
<engineerTo>
<item key="6687C7AF-2264-D058-BEAA-E4B0FE9FECC2" value="true"/>
</engineerTo>
<useDomainConstraints>false</useDomainConstraints>
<use>1</use>
<logicalDatatype>LOGDT024</logicalDatatype>
<dataTypeSize>100</dataTypeSize>
<ownDataTypeParameters>100,,</ownDataTypeParameters>
</Attribute>
<Attribute name="artwork_date_added" id="A58F2D47-39A6-2AF4-0DF6-B1C15EF3757C">
<createdBy>germaine</createdBy>
<createdTime>2020-05-12 16:55:59 UTC</createdTime>
<commentInRDBMS><![CDATA[date the artwork was received]]></commentInRDBMS>
<ownerDesignName>mau_logical</ownerDesignName>
<engineerTo>
<item key="6687C7AF-2264-D058-BEAA-E4B0FE9FECC2" value="true"/>
</engineerTo>
<useDomainConstraints>false</useDomainConstraints>
<use>1</use>
<logicalDatatype>LOGDT007</logicalDatatype>
<ownDataTypeParameters>,,</ownDataTypeParameters>
</Attribute>
<Attribute name="artwork_min_price" id="6793E165-025A-6D80-C2B6-9176D45E53C9">
<createdBy>germaine</createdBy>
<createdTime>2020-05-12 16:55:59 UTC</createdTime>
<commentInRDBMS><![CDATA[minimum price the artist is willing to sell the artwork for]]></commentInRDBMS>
<ownerDesignName>mau_logical</ownerDesignName>
<engineerTo>
<item key="6687C7AF-2264-D058-BEAA-E4B0FE9FECC2" value="true"/>
</engineerTo>
<constraintName>chk_artwork_min_price</constraintName>
<useDomainConstraints>false</useDomainConstraints>
<use>1</use>
<logicalDatatype>LOGDT019</logicalDatatype>
<dataTypePrecision>7</dataTypePrecision>
<dataTypeScale>2</dataTypeScale>
<checkConstraint>
<implementationDef dbType="Oracle Database 11g" definition="artwork_min_price &gt; 0"/>
</checkConstraint>
<ownDataTypeParameters>,7,2</ownDataTypeParameters>
</Attribute>
<Attribute name="artwork_media_desc" id="B1559979-1B5E-74AA-F472-2D5F36C45081">
<createdBy>germaine</createdBy>
<createdTime>2020-05-13 01:42:24 UTC</createdTime>
<commentInRDBMS><![CDATA[lookup table for media description]]></commentInRDBMS>
<generatorID>461F54A3-E9B4-3AE6-D566-9492D2915E22</generatorID>
<ownerDesignName>mau_logical</ownerDesignName>
<engineerTo>
<item key="6687C7AF-2264-D058-BEAA-E4B0FE9FECC2" value="true"/>
</engineerTo>
<referedAttribute>55D1182F-6E6C-6FE4-07A5-7AD09667F0E5</referedAttribute>
<useDomainConstraints>false</useDomainConstraints>
<use>1</use>
<logicalDatatype>LOGDT019</logicalDatatype>
<dataTypePrecision>7</dataTypePrecision>
<ownDataTypeParameters>,,</ownDataTypeParameters>
</Attribute>
<Attribute name="style_artwork" id="ACB1B6EB-2246-8B8A-0A2B-40D13A0DAEE0">
<createdBy>germaine</createdBy>
<createdTime>2020-05-12 17:12:28 UTC</createdTime>
<commentInRDBMS><![CDATA[style of artwork]]></commentInRDBMS>
<generatorID>4FC53080-FC38-B95B-595A-4B6DCB6E4DC8</generatorID>
<ownerDesignName>mau_logical</ownerDesignName>
<engineerTo>
<item key="6687C7AF-2264-D058-BEAA-E4B0FE9FECC2" value="true"/>
</engineerTo>
<referedAttribute>B68C091E-3796-1D5B-D903-EFB259298F0E</referedAttribute>
<useDomainConstraints>false</useDomainConstraints>
<use>1</use>
<logicalDatatype>LOGDT024</logicalDatatype>
<dataTypeSize>50</dataTypeSize>
<ownDataTypeParameters>,,</ownDataTypeParameters>
</Attribute>
</attributes>
<identifiers itemClass="oracle.dbtools.crest.model.design.logical.CandidateKey">
<identifier id="77E5706A-F2AE-307C-C3CE-7E67290BD527" name="ARTWORK PK">
<createdBy>germaine</createdBy>
<createdTime>2020-05-12 16:56:33 UTC</createdTime>
<ownerDesignName>mau_logical</ownerDesignName>
<shouldEngineer>false</shouldEngineer>
<engineerTo>
<item key="6687C7AF-2264-D058-BEAA-E4B0FE9FECC2" value="false"/>
</engineerTo>
<pk>true</pk>
<usedAttributes>
<attributeRef>B7C706BB-5762-3572-0D5A-12A77786E5F0</attributeRef>
<attributeRef>DBDE52F6-9F0E-16A5-D7F7-D370979CDA2D</attributeRef>
</usedAttributes>
</identifier>
</identifiers>
</Entity>
