<?xml version = '1.0' encoding = 'UTF-8'?>
<Entity class="oracle.dbtools.crest.model.design.logical.Entity" directorySegmentName="seg_0" id="5608F9F5-94B8-54C4-2643-69F58B970874" name="CUSTOMER">
<createdBy>germaine</createdBy>
<createdTime>2020-05-12 16:59:20 UTC</createdTime>
<ownerDesignName>mau_logical</ownerDesignName>
<engineerTo>
<item key="6687C7AF-2264-D058-BEAA-E4B0FE9FECC2" value="true"/>
</engineerTo>
<adequatelyNormalized>NO</adequatelyNormalized>
<expectedVolumes>0</expectedVolumes>
<fwdEngineeringStrategyName>Single Table</fwdEngineeringStrategyName>
<growthPercent>0</growthPercent>
<growthType>Year</growthType>
<maxVolumes>9999999</maxVolumes>
<minVolumes>0</minVolumes>
<normalForm>Third</normalForm>
<attributes itemClass="oracle.dbtools.crest.model.design.logical.Attribute">
<Attribute name="cus_id" id="7D0AAE68-8D71-B0CB-C7F7-6038813B583B">
<createdBy>germaine</createdBy>
<createdTime>2020-05-12 17:08:15 UTC</createdTime>
<commentInRDBMS><![CDATA[customer id]]></commentInRDBMS>
<ownerDesignName>mau_logical</ownerDesignName>
<engineerTo>
<item key="6687C7AF-2264-D058-BEAA-E4B0FE9FECC2" value="true"/>
</engineerTo>
<useDomainConstraints>false</useDomainConstraints>
<use>1</use>
<logicalDatatype>LOGDT019</logicalDatatype>
<dataTypePrecision>7</dataTypePrecision>
<ownDataTypeParameters>,7,</ownDataTypeParameters>
</Attribute>
<Attribute name="cus_given_name" id="241FBC75-61AB-F77F-A464-E2000D31766C">
<createdBy>germaine</createdBy>
<createdTime>2020-05-12 17:08:15 UTC</createdTime>
<commentInRDBMS><![CDATA[given name of customer]]></commentInRDBMS>
<ownerDesignName>mau_logical</ownerDesignName>
<engineerTo>
<item key="6687C7AF-2264-D058-BEAA-E4B0FE9FECC2" value="true"/>
</engineerTo>
<useDomainConstraints>false</useDomainConstraints>
<use>1</use>
<logicalDatatype>LOGDT024</logicalDatatype>
<dataTypeSize>50</dataTypeSize>
<ownDataTypeParameters>50,,</ownDataTypeParameters>
</Attribute>
<Attribute name="cus_family_name" id="6B31ED40-19E5-79B7-CE38-49A6DDF0A794">
<createdBy>germaine</createdBy>
<createdTime>2020-05-12 17:08:16 UTC</createdTime>
<commentInRDBMS><![CDATA[family name of customer]]></commentInRDBMS>
<ownerDesignName>mau_logical</ownerDesignName>
<engineerTo>
<item key="6687C7AF-2264-D058-BEAA-E4B0FE9FECC2" value="true"/>
</engineerTo>
<useDomainConstraints>false</useDomainConstraints>
<use>1</use>
<logicalDatatype>LOGDT024</logicalDatatype>
<dataTypeSize>50</dataTypeSize>
<ownDataTypeParameters>50,,</ownDataTypeParameters>
</Attribute>
<Attribute name="cus_street" id="6616B9E6-21A2-DF8B-F73D-0C22A3C77C7C">
<createdBy>germaine</createdBy>
<createdTime>2020-05-12 17:08:17 UTC</createdTime>
<commentInRDBMS><![CDATA[the street the customer lives]]></commentInRDBMS>
<ownerDesignName>mau_logical</ownerDesignName>
<engineerTo>
<item key="6687C7AF-2264-D058-BEAA-E4B0FE9FECC2" value="true"/>
</engineerTo>
<useDomainConstraints>false</useDomainConstraints>
<use>1</use>
<logicalDatatype>LOGDT024</logicalDatatype>
<dataTypeSize>50</dataTypeSize>
<ownDataTypeParameters>50,,</ownDataTypeParameters>
</Attribute>
<Attribute name="cus_town" id="11D75539-77B9-2584-24A3-EBB23A228156">
<createdBy>germaine</createdBy>
<createdTime>2020-05-12 17:08:19 UTC</createdTime>
<commentInRDBMS><![CDATA[the town the customer lives]]></commentInRDBMS>
<ownerDesignName>mau_logical</ownerDesignName>
<engineerTo>
<item key="6687C7AF-2264-D058-BEAA-E4B0FE9FECC2" value="true"/>
</engineerTo>
<useDomainConstraints>false</useDomainConstraints>
<use>1</use>
<logicalDatatype>LOGDT024</logicalDatatype>
<dataTypeSize>50</dataTypeSize>
<ownDataTypeParameters>50,,</ownDataTypeParameters>
</Attribute>
<Attribute name="cus_state" id="7305AEBA-F60D-C26E-E497-644473D2C7D7">
<createdBy>germaine</createdBy>
<createdTime>2020-05-12 17:08:20 UTC</createdTime>
<commentInRDBMS><![CDATA[the state the customer lives]]></commentInRDBMS>
<ownerDesignName>mau_logical</ownerDesignName>
<engineerTo>
<item key="6687C7AF-2264-D058-BEAA-E4B0FE9FECC2" value="true"/>
</engineerTo>
<useDomainConstraints>false</useDomainConstraints>
<use>1</use>
<logicalDatatype>LOGDT024</logicalDatatype>
<dataTypeSize>50</dataTypeSize>
<ownDataTypeParameters>50,,</ownDataTypeParameters>
</Attribute>
<Attribute name="cus_phone" id="897720BC-5FF8-B575-3CBA-0D68D243F0F4">
<createdBy>germaine</createdBy>
<createdTime>2020-05-12 17:08:20 UTC</createdTime>
<commentInRDBMS><![CDATA[customer phone number]]></commentInRDBMS>
<ownerDesignName>mau_logical</ownerDesignName>
<engineerTo>
<item key="6687C7AF-2264-D058-BEAA-E4B0FE9FECC2" value="true"/>
</engineerTo>
<useDomainConstraints>false</useDomainConstraints>
<use>1</use>
<logicalDatatype>LOGDT025</logicalDatatype>
<dataTypeSize>10</dataTypeSize>
<ownDataTypeParameters>10,,</ownDataTypeParameters>
</Attribute>
<Attribute name="cus_business_name" id="75531804-1B1E-D922-88E2-9E0FE884A844">
<createdBy>germaine</createdBy>
<createdTime>2020-05-12 17:08:20 UTC</createdTime>
<commentInRDBMS><![CDATA[customer business name]]></commentInRDBMS>
<ownerDesignName>mau_logical</ownerDesignName>
<engineerTo>
<item key="6687C7AF-2264-D058-BEAA-E4B0FE9FECC2" value="true"/>
</engineerTo>
<nullsAllowed>true</nullsAllowed>
<useDomainConstraints>false</useDomainConstraints>
<use>1</use>
<logicalDatatype>LOGDT024</logicalDatatype>
<dataTypeSize>100</dataTypeSize>
<ownDataTypeParameters>100,,</ownDataTypeParameters>
</Attribute>
</attributes>
<identifiers itemClass="oracle.dbtools.crest.model.design.logical.CandidateKey">
<identifier id="403992F0-D14E-0D1B-2E95-8CDB356D2152" name="CUSTOMER PK">
<createdBy>germaine</createdBy>
<createdTime>2020-05-12 17:08:33 UTC</createdTime>
<ownerDesignName>mau_logical</ownerDesignName>
<engineerTo>
<item key="6687C7AF-2264-D058-BEAA-E4B0FE9FECC2" value="true"/>
</engineerTo>
<pk>true</pk>
<usedAttributes>
<attributeRef>7D0AAE68-8D71-B0CB-C7F7-6038813B583B</attributeRef>
</usedAttributes>
</identifier>
</identifiers>
</Entity>