<?xml version = '1.0' encoding = 'UTF-8'?>
<FKIndexAssociation class="oracle.dbtools.crest.model.design.relational.FKIndexAssociation" directorySegmentName="seg_0" id="6ACDD94F-E172-30F6-FD46-4CC5BCB5953A" containerWithKeyObject="A4E2B5BC-5E09-F236-DCD5-3432B14DCB01" localFKIndex="94F31DA8-B4CB-98B0-D2BA-B576CE9909E4" name="STYLE_PARENTCHILD">
<createdBy>germaine</createdBy>
<createdTime>2020-05-12 17:28:21 UTC</createdTime>
<generatorID>C1FADEC6-DA21-AF47-5441-3AA20FBC4D3D</generatorID>
<ownerDesignName>mau_logical</ownerDesignName>
<referredTableLongName>STYLE</referredTableLongName>
<deleteRule>NO ACTION</deleteRule>
<referredTableID>A4E2B5BC-5E09-F236-DCD5-3432B14DCB01</referredTableID>
<keyObject>791D97A0-BA26-1C4B-B992-EA0503819EF1</keyObject>
<referredKeyID>791D97A0-BA26-1C4B-B992-EA0503819EF1</referredKeyID>
<mandatory>true</mandatory>
<refColNames>style_artwork</refColNames>
<transferable>true</transferable>
<rely>false</rely>
<columnDependencyConstraintGenerateInDDL>true</columnDependencyConstraintGenerateInDDL>
</FKIndexAssociation>
