<?xml version = '1.0' encoding = 'UTF-8'?>
<FKIndexAssociation class="oracle.dbtools.crest.model.design.relational.FKIndexAssociation" directorySegmentName="seg_0" id="9B32E3D6-E925-5FAF-0894-BB0DF341727E" containerWithKeyObject="8885DC97-2222-BA0A-67AA-11C2C0B39443" localFKIndex="950510C9-BD47-1482-F6FE-E90B124CA4D3" name="ARTWORK_STATUS">
<createdBy>germaine</createdBy>
<createdTime>2020-05-12 17:28:21 UTC</createdTime>
<generatorID>B648A787-3D0E-96DE-8569-5CD93BCBDC95</generatorID>
<ownerDesignName>mau_logical</ownerDesignName>
<referredTableLongName>ARTWORK</referredTableLongName>
<deleteRule>NO ACTION</deleteRule>
<referredTableID>76F6D816-3005-650C-FE50-91A426A97E9D</referredTableID>
<keyObject>8F0510AA-808A-6559-4D73-C1FC8D6E62FB</keyObject>
<referredKeyID>8F0510AA-808A-6559-4D73-C1FC8D6E62FB</referredKeyID>
<mandatory>true</mandatory>
<refColNames>artwork_no,artist_code</refColNames>
<transferable>true</transferable>
<rely>false</rely>
<columnDependencyConstraintGenerateInDDL>true</columnDependencyConstraintGenerateInDDL>
</FKIndexAssociation>
