<?xml version = '1.0' encoding = 'UTF-8'?>
<Relation class="oracle.dbtools.crest.model.design.logical.Relation" name="EXHIBIT_SALE" directorySegmentName="seg_0" id="24DB5D35-D9A7-AACB-1280-225333DE1A87">
<createdBy>germaine</createdBy>
<createdTime>2020-05-12 17:17:00 UTC</createdTime>
<ownerDesignName>mau_logical</ownerDesignName>
<engineerTo>
<item key="6687C7AF-2264-D058-BEAA-E4B0FE9FECC2" value="true"/>
</engineerTo>
<sourcePk>F00CC0D5-5E14-8149-3ABE-0406A0D83A2E</sourcePk>
<identifying>false</identifying>
<nameOnSource>generate</nameOnSource>
<optionalSource>true</optionalSource>
<optionalTarget>false</optionalTarget>
<sourceCardinality>1</sourceCardinality>
<sourceEntity>33A4CD59-1F94-A280-EF43-D2EAF6BAD3A3</sourceEntity>
<targetCardinalityString>*</targetCardinalityString>
<targetEntity>A9870454-462E-7402-58D5-B05AA176EBC9</targetEntity>
<transferable>true</transferable>
<deleteRule>NO ACTION</deleteRule>
</Relation>