<?xml version = '1.0' encoding = 'UTF-8'?>
<Relation class="oracle.dbtools.crest.model.design.logical.Relation" name="GALLERY_STATUS" directorySegmentName="seg_0" id="73FF2F0F-1B2E-D42C-E950-190EAB192EC7">
<createdBy>germaine</createdBy>
<createdTime>2020-05-12 17:15:34 UTC</createdTime>
<ownerDesignName>mau_logical</ownerDesignName>
<engineerTo>
<item key="6687C7AF-2264-D058-BEAA-E4B0FE9FECC2" value="true"/>
</engineerTo>
<sourcePk>8D7764C0-992B-6072-F2C4-FD81E6D61814</sourcePk>
<identifying>false</identifying>
<nameOnSource>track</nameOnSource>
<optionalSource>true</optionalSource>
<optionalTarget>true</optionalTarget>
<sourceCardinality>1</sourceCardinality>
<sourceEntity>BBFE2875-3002-0754-A33C-D24944DA96C0</sourceEntity>
<targetCardinalityString>*</targetCardinalityString>
<targetEntity>067E5B68-95DA-D7A4-8B64-D78181B7AA5C</targetEntity>
<transferable>true</transferable>
<deleteRule>NO ACTION</deleteRule>
</Relation>