<?xml version = '1.0' encoding = 'UTF-8'?>
<Relation class="oracle.dbtools.crest.model.design.logical.Relation" name="STYLE_PARENTCHILD" directorySegmentName="seg_0" id="C1FADEC6-DA21-AF47-5441-3AA20FBC4D3D">
<createdBy>germaine</createdBy>
<createdTime>2020-05-12 17:12:53 UTC</createdTime>
<ownerDesignName>mau_logical</ownerDesignName>
<engineerTo>
<item key="6687C7AF-2264-D058-BEAA-E4B0FE9FECC2" value="true"/>
</engineerTo>
<targetPk>FCA1B6C2-CD5C-14DF-6730-1C6A59A44FAC</targetPk>
<identifying>false</identifying>
<nameOnSource>parent_of</nameOnSource>
<optionalSource>false</optionalSource>
<optionalTarget>false</optionalTarget>
<sourceCardinality>1</sourceCardinality>
<sourceEntity>8BCC9CDE-1FD5-476D-AAC0-941130E6A022</sourceEntity>
<targetCardinalityString>*</targetCardinalityString>
<targetEntity>8BCC9CDE-1FD5-476D-AAC0-941130E6A022</targetEntity>
<transferable>true</transferable>
<deleteRule>NO ACTION</deleteRule>
</Relation>