<?xml version = '1.0' encoding = 'UTF-8'?>
<Relation class="oracle.dbtools.crest.model.design.logical.Relation" name="ARTWORK_EXHIBIT" directorySegmentName="seg_0" id="D14BDD0F-DB9D-934D-8BF2-A9D8D5D99169">
<createdBy>germaine</createdBy>
<createdTime>2020-05-12 17:13:41 UTC</createdTime>
<ownerDesignName>mau_logical</ownerDesignName>
<engineerTo>
<item key="6687C7AF-2264-D058-BEAA-E4B0FE9FECC2" value="true"/>
</engineerTo>
<sourcePk>77E5706A-F2AE-307C-C3CE-7E67290BD527</sourcePk>
<identifying>false</identifying>
<nameOnSource>undergo</nameOnSource>
<optionalSource>true</optionalSource>
<optionalTarget>false</optionalTarget>
<sourceCardinality>1</sourceCardinality>
<sourceEntity>239E56F9-A0CE-8BF3-1D38-643B7992E34F</sourceEntity>
<targetCardinalityString>*</targetCardinalityString>
<targetEntity>33A4CD59-1F94-A280-EF43-D2EAF6BAD3A3</targetEntity>
<transferable>true</transferable>
<deleteRule>NO ACTION</deleteRule>
</Relation>