<?xml version = '1.0' encoding = 'UTF-8'?>
<Table class="oracle.dbtools.crest.model.design.relational.Table" directorySegmentName="seg_0" id="E18BB67D-9CCD-E83C-74A5-BC8439B608E2" name="GALLERY">
<createdBy>germaine</createdBy>
<createdTime>2020-05-12 17:28:21 UTC</createdTime>
<generatorID>BBFE2875-3002-0754-A33C-D24944DA96C0</generatorID>
<ownerDesignName>mau_logical</ownerDesignName>
<allowColumnReorder>false</allowColumnReorder>
<existDependencyGenerateInDDl>true</existDependencyGenerateInDDl>
<parsed>true</parsed>
<columns itemClass="oracle.dbtools.crest.model.design.relational.Column">
<Column name="gallery_id" id="6ABA133B-982C-BDD1-3A92-DA5F876D1184">
<createdBy>germaine</createdBy>
<createdTime>2020-05-12 17:28:21 UTC</createdTime>
<commentInRDBMS><![CDATA[gallery id]]></commentInRDBMS>
<generatorID>BC82B5AE-B31C-D427-A661-AE3DAA9F23C6</generatorID>
<ownerDesignName>mau_logical</ownerDesignName>
<useDomainConstraints>false</useDomainConstraints>
<use>1</use>
<logicalDatatype>LOGDT019</logicalDatatype>
<dataTypePrecision>7</dataTypePrecision>
<ownDataTypeParameters>,7,</ownDataTypeParameters>
<autoIncrementCycle>false</autoIncrementCycle>
</Column>
<Column name="gallery_name" id="E4CF4C9E-8EEC-612E-FBF5-365D94FBD4E4">
<createdBy>germaine</createdBy>
<createdTime>2020-05-12 17:28:21 UTC</createdTime>
<commentInRDBMS><![CDATA[name of gallery]]></commentInRDBMS>
<generatorID>E37CA952-9EDC-EDA1-82F2-C88304813A5F</generatorID>
<ownerDesignName>mau_logical</ownerDesignName>
<useDomainConstraints>false</useDomainConstraints>
<use>1</use>
<logicalDatatype>LOGDT024</logicalDatatype>
<dataTypeSize>100</dataTypeSize>
<ownDataTypeParameters>100,,</ownDataTypeParameters>
<autoIncrementCycle>false</autoIncrementCycle>
</Column>
<Column name="gallery_manager_gname" id="39E6B9FE-B9C7-C570-8B4F-DCD90EB1B238">
<createdBy>germaine</createdBy>
<createdTime>2020-05-12 17:28:21 UTC</createdTime>
<commentInRDBMS><![CDATA[given name of the manager of the gallery]]></commentInRDBMS>
<generatorID>C6B91B55-99DE-89E3-A619-F0F251FCEDD5</generatorID>
<ownerDesignName>mau_logical</ownerDesignName>
<useDomainConstraints>false</useDomainConstraints>
<use>1</use>
<logicalDatatype>LOGDT024</logicalDatatype>
<dataTypeSize>50</dataTypeSize>
<ownDataTypeParameters>50,,</ownDataTypeParameters>
<autoIncrementCycle>false</autoIncrementCycle>
</Column>
<Column name="gallery_street" id="6689265B-42A0-AE29-F608-C87DEFD0FDA3">
<createdBy>germaine</createdBy>
<createdTime>2020-05-12 17:28:21 UTC</createdTime>
<commentInRDBMS><![CDATA[street the gallery is on]]></commentInRDBMS>
<generatorID>62E90CC9-C155-B5BB-F72B-E1A6EB0B0031</generatorID>
<ownerDesignName>mau_logical</ownerDesignName>
<useDomainConstraints>false</useDomainConstraints>
<use>1</use>
<logicalDatatype>LOGDT024</logicalDatatype>
<dataTypeSize>50</dataTypeSize>
<ownDataTypeParameters>50,,</ownDataTypeParameters>
<autoIncrementCycle>false</autoIncrementCycle>
</Column>
<Column name="gallery_town" id="665B493E-3935-2FA8-F0E8-93E30EA0D18B">
<createdBy>germaine</createdBy>
<createdTime>2020-05-12 17:28:21 UTC</createdTime>
<commentInRDBMS><![CDATA[the town the gallery is located]]></commentInRDBMS>
<generatorID>138B650D-A327-FCFD-FF91-F638D3FFA0D9</generatorID>
<ownerDesignName>mau_logical</ownerDesignName>
<useDomainConstraints>false</useDomainConstraints>
<use>1</use>
<logicalDatatype>LOGDT024</logicalDatatype>
<dataTypeSize>50</dataTypeSize>
<ownDataTypeParameters>50,,</ownDataTypeParameters>
<autoIncrementCycle>false</autoIncrementCycle>
</Column>
<Column name="gallery_state" id="49E8730C-EC3A-52F3-96DA-6B28E2039B2F">
<createdBy>germaine</createdBy>
<createdTime>2020-05-12 17:28:21 UTC</createdTime>
<commentInRDBMS><![CDATA[the state the gallery is located]]></commentInRDBMS>
<generatorID>990A650F-3374-9EE2-FACD-81E52F898584</generatorID>
<ownerDesignName>mau_logical</ownerDesignName>
<useDomainConstraints>false</useDomainConstraints>
<use>1</use>
<logicalDatatype>LOGDT024</logicalDatatype>
<dataTypeSize>50</dataTypeSize>
<ownDataTypeParameters>50,,</ownDataTypeParameters>
<autoIncrementCycle>false</autoIncrementCycle>
</Column>
<Column name="gallery_open" id="4EF9A1ED-ECEF-19D7-1B26-C0801334E076">
<createdBy>germaine</createdBy>
<createdTime>2020-05-12 17:28:21 UTC</createdTime>
<commentInRDBMS><![CDATA[the time the gallery opens]]></commentInRDBMS>
<generatorID>38FD6540-7725-F021-A58A-60691B94070C</generatorID>
<ownerDesignName>mau_logical</ownerDesignName>
<useDomainConstraints>false</useDomainConstraints>
<use>1</use>
<logicalDatatype>LOGDT007</logicalDatatype>
<ownDataTypeParameters>,,</ownDataTypeParameters>
<autoIncrementCycle>false</autoIncrementCycle>
</Column>
<Column name="gallery_close" id="E860317A-DFC7-2F3E-EAE4-36136E10FF77">
<createdBy>germaine</createdBy>
<createdTime>2020-05-12 17:28:21 UTC</createdTime>
<commentInRDBMS><![CDATA[the time gallery closes]]></commentInRDBMS>
<generatorID>9F00F2D4-8DF1-3FA4-96FA-9B0CE097F450</generatorID>
<ownerDesignName>mau_logical</ownerDesignName>
<useDomainConstraints>false</useDomainConstraints>
<use>1</use>
<logicalDatatype>LOGDT007</logicalDatatype>
<ownDataTypeParameters>,,</ownDataTypeParameters>
<autoIncrementCycle>false</autoIncrementCycle>
</Column>
<Column name="gallery_phone" id="63E71D1C-6007-58E7-C89D-EF0BF5FFE3F3">
<createdBy>germaine</createdBy>
<createdTime>2020-05-12 17:28:21 UTC</createdTime>
<commentInRDBMS><![CDATA[gallery phone number]]></commentInRDBMS>
<generatorID>DE591A9C-3686-70BF-16B7-350C282026A1</generatorID>
<ownerDesignName>mau_logical</ownerDesignName>
<useDomainConstraints>false</useDomainConstraints>
<use>1</use>
<logicalDatatype>LOGDT025</logicalDatatype>
<dataTypeSize>10</dataTypeSize>
<ownDataTypeParameters>10,,</ownDataTypeParameters>
<autoIncrementCycle>false</autoIncrementCycle>
</Column>
<Column name="gallery_comission" id="118F504B-C378-266A-7BF1-78C8FC1821AA">
<createdBy>germaine</createdBy>
<createdTime>2020-05-12 17:28:21 UTC</createdTime>
<commentInRDBMS><![CDATA[the comission the gallery receives]]></commentInRDBMS>
<generatorID>2ACC6E4F-DC70-321D-9C61-8B8F477F53AF</generatorID>
<ownerDesignName>mau_logical</ownerDesignName>
<useDomainConstraints>false</useDomainConstraints>
<use>1</use>
<logicalDatatype>LOGDT019</logicalDatatype>
<dataTypePrecision>7</dataTypePrecision>
<ownDataTypeParameters>,7,</ownDataTypeParameters>
<autoIncrementCycle>false</autoIncrementCycle>
</Column>
<Column name="gallery_manager_fname" id="0B0FAAC5-202C-35FB-2BB1-23A9D1922384">
<createdBy>germaine</createdBy>
<createdTime>2020-05-13 05:46:17 UTC</createdTime>
<commentInRDBMS><![CDATA[gallery manager family name]]></commentInRDBMS>
<generatorID>30866A9E-EEAE-92BE-5B57-ED16D8D32811</generatorID>
<ownerDesignName>mau_logical</ownerDesignName>
<useDomainConstraints>false</useDomainConstraints>
<use>1</use>
<logicalDatatype>LOGDT024</logicalDatatype>
<dataTypeSize>50</dataTypeSize>
<ownDataTypeParameters>50,,</ownDataTypeParameters>
<autoIncrementCycle>false</autoIncrementCycle>
</Column>
</columns>
<indexes itemClass="oracle.dbtools.crest.model.design.relational.Index">
<ind_PK_UK id="77A05932-CC05-ECBD-6E84-53AF752A811D" name="GALLERY_PK">
<createdBy>germaine</createdBy>
<createdTime>2020-05-12 17:28:21 UTC</createdTime>
<generatorID>8D7764C0-992B-6072-F2C4-FD81E6D61814</generatorID>
<ownerDesignName>mau_logical</ownerDesignName>
<pk>true</pk>
<indexState>Primary Constraint</indexState>
<isSurrogateKey>false</isSurrogateKey>
<indexColumnUsage>
<colUsage columnID="6ABA133B-982C-BDD1-3A92-DA5F876D1184"/>
</indexColumnUsage>
</ind_PK_UK>
</indexes>
</Table>
