<?xml version = '1.0' encoding = 'UTF-8'?>
<relationalModel class="oracle.dbtools.crest.model.design.relational.RelationalDesign" name="Relational_1" id="6687C7AF-2264-D058-BEAA-E4B0FE9FECC2" mainViewID="07419505-AE1D-8FB3-2384-924A443D5814">
<createdBy>germaine</createdBy>
<createdTime>2020-05-12 16:46:57 UTC</createdTime>
<ownerDesignName>mau_logical</ownerDesignName>
<shouldBeOpen>false</shouldBeOpen>
<selectedRDBMSSite>32076570-2523-435C-2E92-BF29817DFF70</selectedRDBMSSite>
</relationalModel>